INSERT INTO GEO_CONVEN (COV_CODE) VALUES ('ACHATS');
INSERT INTO GEO_CONVEN (COV_CODE) VALUES ('COFREU');

INSERT INTO GEO_DEVISE (DEV_CODE) VALUES ('NZD');
INSERT INTO GEO_DEVISE (DEV_CODE) VALUES ('SGD');
INSERT INTO GEO_DEVISE (DEV_CODE) VALUES ('CLP');
INSERT INTO GEO_DEVISE (DEV_CODE) VALUES ('CAD');
INSERT INTO GEO_DEVISE (DEV_CODE) VALUES ('CHF');
INSERT INTO GEO_DEVISE (DEV_CODE) VALUES ('DKK');
INSERT INTO GEO_DEVISE (DEV_CODE) VALUES ('GBP');
INSERT INTO GEO_DEVISE (DEV_CODE) VALUES ('ISK');
INSERT INTO GEO_DEVISE (DEV_CODE) VALUES ('NOK');
INSERT INTO GEO_DEVISE (DEV_CODE) VALUES ('SEK');
INSERT INTO GEO_DEVISE (DEV_CODE) VALUES ('USD');
INSERT INTO GEO_DEVISE (DEV_CODE) VALUES ('EUR');
INSERT INTO GEO_DEVISE (DEV_CODE) VALUES ('AUD');

INSERT INTO GEO_BASPAI (BPM_CODE) VALUES ('D');
INSERT INTO GEO_BASPAI (BPM_CODE) VALUES ('DD');
INSERT INTO GEO_BASPAI (BPM_CODE) VALUES ('F');
INSERT INTO GEO_BASPAI (BPM_CODE) VALUES ('FD');
INSERT INTO GEO_BASPAI (BPM_CODE) VALUES ('RD');

INSERT INTO GEO_INCOTE (INC_CODE) VALUES ('CFR');
INSERT INTO GEO_INCOTE (INC_CODE) VALUES ('CIF');
INSERT INTO GEO_INCOTE (INC_CODE) VALUES ('CIP');
INSERT INTO GEO_INCOTE (INC_CODE) VALUES ('CNF');
INSERT INTO GEO_INCOTE (INC_CODE) VALUES ('CPT');
INSERT INTO GEO_INCOTE (INC_CODE) VALUES ('DAP');
INSERT INTO GEO_INCOTE (INC_CODE) VALUES ('DAT');
INSERT INTO GEO_INCOTE (INC_CODE) VALUES ('DDP');
INSERT INTO GEO_INCOTE (INC_CODE) VALUES ('DPU');
INSERT INTO GEO_INCOTE (INC_CODE) VALUES ('EXW');
INSERT INTO GEO_INCOTE (INC_CODE) VALUES ('FAS');
INSERT INTO GEO_INCOTE (INC_CODE) VALUES ('FCA');
INSERT INTO GEO_INCOTE (INC_CODE) VALUES ('FOB');

INSERT INTO GEO_MOYPAI (MPM_CODE) VALUES ('BAO');
INSERT INTO GEO_MOYPAI (MPM_CODE) VALUES ('CHQ');
INSERT INTO GEO_MOYPAI (MPM_CODE) VALUES ('LCR');
INSERT INTO GEO_MOYPAI (MPM_CODE) VALUES ('RD');
INSERT INTO GEO_MOYPAI (MPM_CODE) VALUES ('SWI');
INSERT INTO GEO_MOYPAI (MPM_CODE) VALUES ('TA');
INSERT INTO GEO_MOYPAI (MPM_CODE) VALUES ('TD');
INSERT INTO GEO_MOYPAI (MPM_CODE) VALUES ('VIR');

INSERT INTO GEO_TVAREG (TVR_CODE) VALUES ('C');
INSERT INTO GEO_TVAREG (TVR_CODE) VALUES ('E');
INSERT INTO GEO_TVAREG (TVR_CODE) VALUES ('F');
INSERT INTO GEO_TVAREG (TVR_CODE) VALUES ('G');
INSERT INTO GEO_TVAREG (TVR_CODE) VALUES ('L');
INSERT INTO GEO_TVAREG (TVR_CODE) VALUES ('N');
INSERT INTO GEO_TVAREG (TVR_CODE) VALUES ('O');
INSERT INTO GEO_TVAREG (TVR_CODE) VALUES ('T');
INSERT INTO GEO_TVAREG (TVR_CODE) VALUES ('X');

INSERT INTO GEO_SECCOM (SCO_CODE) VALUES ('2V');
INSERT INTO GEO_SECCOM (SCO_CODE) VALUES ('3D');
INSERT INTO GEO_SECCOM (SCO_CODE) VALUES ('AFA');
INSERT INTO GEO_SECCOM (SCO_CODE) VALUES ('BR');
INSERT INTO GEO_SECCOM (SCO_CODE) VALUES ('CA');
INSERT INTO GEO_SECCOM (SCO_CODE) VALUES ('CDV');
INSERT INTO GEO_SECCOM (SCO_CODE) VALUES ('CE');
INSERT INTO GEO_SECCOM (SCO_CODE) VALUES ('CG');
INSERT INTO GEO_SECCOM (SCO_CODE) VALUES ('CH');
INSERT INTO GEO_SECCOM (SCO_CODE) VALUES ('CL');
INSERT INTO GEO_SECCOM (SCO_CODE) VALUES ('CO');
INSERT INTO GEO_SECCOM (SCO_CODE) VALUES ('DIV');
INSERT INTO GEO_SECCOM (SCO_CODE) VALUES ('ESP');
INSERT INTO GEO_SECCOM (SCO_CODE) VALUES ('EST');
INSERT INTO GEO_SECCOM (SCO_CODE) VALUES ('EUR');
INSERT INTO GEO_SECCOM (SCO_CODE) VALUES ('F');
INSERT INTO GEO_SECCOM (SCO_CODE) VALUES ('FO');
INSERT INTO GEO_SECCOM (SCO_CODE) VALUES ('GA');
INSERT INTO GEO_SECCOM (SCO_CODE) VALUES ('GB');
INSERT INTO GEO_SECCOM (SCO_CODE) VALUES ('GE');
INSERT INTO GEO_SECCOM (SCO_CODE) VALUES ('HE');
INSERT INTO GEO_SECCOM (SCO_CODE) VALUES ('IND');
INSERT INTO GEO_SECCOM (SCO_CODE) VALUES ('JA');
INSERT INTO GEO_SECCOM (SCO_CODE) VALUES ('KI');
INSERT INTO GEO_SECCOM (SCO_CODE) VALUES ('LM');
INSERT INTO GEO_SECCOM (SCO_CODE) VALUES ('LR');
INSERT INTO GEO_SECCOM (SCO_CODE) VALUES ('MAR');
INSERT INTO GEO_SECCOM (SCO_CODE) VALUES ('MO');
INSERT INTO GEO_SECCOM (SCO_CODE) VALUES ('NOV');
INSERT INTO GEO_SECCOM (SCO_CODE) VALUES ('OF');
INSERT INTO GEO_SECCOM (SCO_CODE) VALUES ('PAL');
INSERT INTO GEO_SECCOM (SCO_CODE) VALUES ('PALBWP');
INSERT INTO GEO_SECCOM (SCO_CODE) VALUES ('QU');
INSERT INTO GEO_SECCOM (SCO_CODE) VALUES ('RET');
INSERT INTO GEO_SECCOM (SCO_CODE) VALUES ('SA');
INSERT INTO GEO_SECCOM (SCO_CODE) VALUES ('SCA');
INSERT INTO GEO_SECCOM (SCO_CODE) VALUES ('SO');
INSERT INTO GEO_SECCOM (SCO_CODE) VALUES ('SR');
INSERT INTO GEO_SECCOM (SCO_CODE) VALUES ('ST');
INSERT INTO GEO_SECCOM (SCO_CODE) VALUES ('VSS');

INSERT INTO GEO_TYPTIE (TYT_CODE, TYT_DESC, MOD_USER, MOD_DATE, VALIDE, RESP_LITIGE) VALUES ('B', 'bureau d''achat', 'MOBILINO', TO_DATE('2008-03-21 11:33:53', 'YYYY-MM-DD HH24:MI:SS'), 'O', 'N');
INSERT INTO GEO_TYPTIE (TYT_CODE, TYT_DESC, MOD_USER, MOD_DATE, VALIDE, RESP_LITIGE) VALUES ('C', 'client', 'Lino', TO_DATE('2010-07-06 09:37:00', 'YYYY-MM-DD HH24:MI:SS'), 'O', 'O');
INSERT INTO GEO_TYPTIE (TYT_CODE, TYT_DESC, MOD_USER, MOD_DATE, VALIDE, RESP_LITIGE) VALUES ('U', 'courtier', 'Lino', TO_DATE('2010-07-06 09:35:30', 'YYYY-MM-DD HH24:MI:SS'), 'O', 'N');
INSERT INTO GEO_TYPTIE (TYT_CODE, TYT_DESC, MOD_USER, MOD_DATE, VALIDE, RESP_LITIGE) VALUES ('E', 'entrepôt', 'LINOMOB', TO_DATE('2003-10-16 11:10:50', 'YYYY-MM-DD HH24:MI:SS'), 'O', 'N');
INSERT INTO GEO_TYPTIE (TYT_CODE, TYT_DESC, MOD_USER, MOD_DATE, VALIDE, RESP_LITIGE) VALUES ('G', 'groupage', 'lino', TO_DATE('2010-11-22 11:02:13', 'YYYY-MM-DD HH24:MI:SS'), 'O', 'N');
INSERT INTO GEO_TYPTIE (TYT_CODE, TYT_DESC, MOD_USER, MOD_DATE, VALIDE, RESP_LITIGE) VALUES ('S', 'transitaire', 'Lino', TO_DATE('2010-07-06 09:35:45', 'YYYY-MM-DD HH24:MI:SS'), 'O', 'N');
INSERT INTO GEO_TYPTIE (TYT_CODE, TYT_DESC, MOD_USER, MOD_DATE, VALIDE, RESP_LITIGE) VALUES ('T', 'transporteur', 'LINOMOB', TO_DATE('2003-10-16 11:10:03', 'YYYY-MM-DD HH24:MI:SS'), 'O', 'O');
INSERT INTO GEO_TYPTIE (TYT_CODE, TYT_DESC, MOD_USER, MOD_DATE, VALIDE, RESP_LITIGE) VALUES ('F', 'fournisseur', 'LINOMOB', TO_DATE('2003-10-16 11:10:03', 'YYYY-MM-DD HH24:MI:SS'), 'O', 'O');
INSERT INTO GEO_TYPTIE (TYT_CODE, TYT_DESC, MOD_USER, MOD_DATE, VALIDE, RESP_LITIGE) VALUES ('A', 'administratif', 'MOBILINO', TO_DATE('2008-03-21 11:34:04', 'YYYY-MM-DD HH24:MI:SS'), 'O', 'N');
INSERT INTO GEO_TYPTIE (TYT_CODE, TYT_DESC, MOD_USER, MOD_DATE, VALIDE, RESP_LITIGE) VALUES ('V', 'commercial', 'MOBILINO', TO_DATE('2008-03-21 11:34:08', 'YYYY-MM-DD HH24:MI:SS'), 'O', 'N');
INSERT INTO GEO_TYPTIE (TYT_CODE, TYT_DESC, MOD_USER, MOD_DATE, VALIDE, RESP_LITIGE) VALUES ('R', 'transport approche', 'Lino', TO_DATE('2010-07-06 09:36:32', 'YYYY-MM-DD HH24:MI:SS'), 'O', 'N');
INSERT INTO GEO_TYPTIE (TYT_CODE, TYT_DESC, MOD_USER, MOD_DATE, VALIDE, RESP_LITIGE) VALUES ('W', 'BW', 'MOBILINO', TO_DATE('2008-03-21 11:33:30', 'YYYY-MM-DD HH24:MI:SS'), 'O', 'O');
INSERT INTO GEO_TYPTIE (TYT_CODE, TYT_DESC, MOD_USER, MOD_DATE, VALIDE, RESP_LITIGE) VALUES ('D', 'assurance', 'lino', TO_DATE('2010-08-24 08:44:23', 'YYYY-MM-DD HH24:MI:SS'), 'O', 'O');
INSERT INTO GEO_TYPTIE (TYT_CODE, TYT_DESC, MOD_USER, MOD_DATE, VALIDE, RESP_LITIGE) VALUES ('P', 'propriétaire', 'Stephane', TO_DATE('2016-09-28 16:53:40', 'YYYY-MM-DD HH24:MI:SS'), 'O', 'N');
INSERT INTO GEO_TYPTIE (TYT_CODE, TYT_DESC, MOD_USER, MOD_DATE, VALIDE, RESP_LITIGE) VALUES ('O', 'Port', 'Stephane', TO_DATE('2019-07-31 16:32:28', 'YYYY-MM-DD HH24:MI:SS'), 'O', 'N');
INSERT INTO GEO_TYPTIE (TYT_CODE, TYT_DESC, MOD_USER, MOD_DATE, VALIDE, RESP_LITIGE) VALUES ('H', 'aeroport', 'Laurent.Lefranc', TO_DATE('2019-12-03 09:44:21', 'YYYY-MM-DD HH24:MI:SS'), 'O', 'N');

INSERT INTO GEO_PAYS (PAY_CODE, PAY_DESC) VALUES ('PA', 'PANAMA');
INSERT INTO GEO_PAYS (PAY_CODE, PAY_DESC) VALUES ('AR', 'Argentine');
INSERT INTO GEO_PAYS (PAY_CODE, PAY_DESC) VALUES ('CR', 'Costa Rica');
INSERT INTO GEO_PAYS (PAY_CODE, PAY_DESC) VALUES ('HK', 'Hong-Kong');
INSERT INTO GEO_PAYS (PAY_CODE, PAY_DESC) VALUES ('NO', 'Norvege');
INSERT INTO GEO_PAYS (PAY_CODE, PAY_DESC) VALUES ('VE', 'Venezuela');
INSERT INTO GEO_PAYS (PAY_CODE, PAY_DESC) VALUES ('EC', 'Equateur');
INSERT INTO GEO_PAYS (PAY_CODE, PAY_DESC) VALUES ('LK', 'Sri Lanka');
INSERT INTO GEO_PAYS (PAY_CODE, PAY_DESC) VALUES ('TD', 'TCHAD');
INSERT INTO GEO_PAYS (PAY_CODE, PAY_DESC) VALUES ('SO', 'SOMALIE');
INSERT INTO GEO_PAYS (PAY_CODE, PAY_DESC) VALUES ('RW', 'République Rwandaise');
INSERT INTO GEO_PAYS (PAY_CODE, PAY_DESC) VALUES ('AT', 'Autriche');
INSERT INTO GEO_PAYS (PAY_CODE, PAY_DESC) VALUES ('BD', 'Bangladesh');
INSERT INTO GEO_PAYS (PAY_CODE, PAY_DESC) VALUES ('AE', 'Emirats Arabes Unis');
INSERT INTO GEO_PAYS (PAY_CODE, PAY_DESC) VALUES ('BE', 'Belgique');
INSERT INTO GEO_PAYS (PAY_CODE, PAY_DESC) VALUES ('BH', 'Bahrein');
INSERT INTO GEO_PAYS (PAY_CODE, PAY_DESC) VALUES ('BJ', 'Benin');
INSERT INTO GEO_PAYS (PAY_CODE, PAY_DESC) VALUES ('BN', 'Brunei');
INSERT INTO GEO_PAYS (PAY_CODE, PAY_DESC) VALUES ('BR', 'BRASIL');
INSERT INTO GEO_PAYS (PAY_CODE, PAY_DESC) VALUES ('BS', 'Bahamas');
INSERT INTO GEO_PAYS (PAY_CODE, PAY_DESC) VALUES ('BY', 'Bielorussie (rep. socialiste de)');
INSERT INTO GEO_PAYS (PAY_CODE, PAY_DESC) VALUES ('CA', 'Canada');
INSERT INTO GEO_PAYS (PAY_CODE, PAY_DESC) VALUES ('CH', 'Suisse');
INSERT INTO GEO_PAYS (PAY_CODE, PAY_DESC) VALUES ('CI', 'Cote d''Ivoire');
INSERT INTO GEO_PAYS (PAY_CODE, PAY_DESC) VALUES ('CO', 'Colombie');
INSERT INTO GEO_PAYS (PAY_CODE, PAY_DESC) VALUES ('CS', 'Republique Tcheque');
INSERT INTO GEO_PAYS (PAY_CODE, PAY_DESC) VALUES ('CY', 'Chypre');
INSERT INTO GEO_PAYS (PAY_CODE, PAY_DESC) VALUES ('DE', 'Allemagne');
INSERT INTO GEO_PAYS (PAY_CODE, PAY_DESC) VALUES ('DK', 'Danemark');
INSERT INTO GEO_PAYS (PAY_CODE, PAY_DESC) VALUES ('DZ', 'Algerie');
INSERT INTO GEO_PAYS (PAY_CODE, PAY_DESC) VALUES ('EG', 'Egypte');
INSERT INTO GEO_PAYS (PAY_CODE, PAY_DESC) VALUES ('IL', 'Israel');
INSERT INTO GEO_PAYS (PAY_CODE, PAY_DESC) VALUES ('ES', 'Espagne');
INSERT INTO GEO_PAYS (PAY_CODE, PAY_DESC) VALUES ('FI', 'Finlande');
INSERT INTO GEO_PAYS (PAY_CODE, PAY_DESC) VALUES ('FR', 'France');
INSERT INTO GEO_PAYS (PAY_CODE, PAY_DESC) VALUES ('GB', 'Royaume Uni');
INSERT INTO GEO_PAYS (PAY_CODE, PAY_DESC) VALUES ('GF', 'Guyane Francaise');
INSERT INTO GEO_PAYS (PAY_CODE, PAY_DESC) VALUES ('GN', 'Guinee');
INSERT INTO GEO_PAYS (PAY_CODE, PAY_DESC) VALUES ('GP', 'Guadeloupe');
INSERT INTO GEO_PAYS (PAY_CODE, PAY_DESC) VALUES ('GR', 'Grece');
INSERT INTO GEO_PAYS (PAY_CODE, PAY_DESC) VALUES ('ID', 'Indonesie');
INSERT INTO GEO_PAYS (PAY_CODE, PAY_DESC) VALUES ('IE', 'Irlande');
INSERT INTO GEO_PAYS (PAY_CODE, PAY_DESC) VALUES ('IS', 'Islande');
INSERT INTO GEO_PAYS (PAY_CODE, PAY_DESC) VALUES ('IT', 'Italie');
INSERT INTO GEO_PAYS (PAY_CODE, PAY_DESC) VALUES ('KE', 'Kenya');
INSERT INTO GEO_PAYS (PAY_CODE, PAY_DESC) VALUES ('KH', 'Cambodge');
INSERT INTO GEO_PAYS (PAY_CODE, PAY_DESC) VALUES ('KW', 'Koweit');
INSERT INTO GEO_PAYS (PAY_CODE, PAY_DESC) VALUES ('LT', 'Lituanie');
INSERT INTO GEO_PAYS (PAY_CODE, PAY_DESC) VALUES ('LU', 'Luxembourg');
INSERT INTO GEO_PAYS (PAY_CODE, PAY_DESC) VALUES ('LY', 'Libye');
INSERT INTO GEO_PAYS (PAY_CODE, PAY_DESC) VALUES ('MA', 'Maroc');
INSERT INTO GEO_PAYS (PAY_CODE, PAY_DESC) VALUES ('MQ', 'Martinique');
INSERT INTO GEO_PAYS (PAY_CODE, PAY_DESC) VALUES ('MR', 'Mauritanie');
INSERT INTO GEO_PAYS (PAY_CODE, PAY_DESC) VALUES ('MY', 'Malaisie');
INSERT INTO GEO_PAYS (PAY_CODE, PAY_DESC) VALUES ('NL', 'Pays Bas');
INSERT INTO GEO_PAYS (PAY_CODE, PAY_DESC) VALUES ('OM', 'Oman');
INSERT INTO GEO_PAYS (PAY_CODE, PAY_DESC) VALUES ('PL', 'Pologne');
INSERT INTO GEO_PAYS (PAY_CODE, PAY_DESC) VALUES ('QA', 'Qatar');
INSERT INTO GEO_PAYS (PAY_CODE, PAY_DESC) VALUES ('RE', 'Reunion');
INSERT INTO GEO_PAYS (PAY_CODE, PAY_DESC) VALUES ('RU', 'Federation de Russie');
INSERT INTO GEO_PAYS (PAY_CODE, PAY_DESC) VALUES ('SA', 'Arabie Saoudite');
INSERT INTO GEO_PAYS (PAY_CODE, PAY_DESC) VALUES ('SE', 'Suede');
INSERT INTO GEO_PAYS (PAY_CODE, PAY_DESC) VALUES ('SG', 'Singapour');
INSERT INTO GEO_PAYS (PAY_CODE, PAY_DESC) VALUES ('SV', 'El Salvador');
INSERT INTO GEO_PAYS (PAY_CODE, PAY_DESC) VALUES ('TC', 'Turquie');
INSERT INTO GEO_PAYS (PAY_CODE, PAY_DESC) VALUES ('TH', 'Thailande');
INSERT INTO GEO_PAYS (PAY_CODE, PAY_DESC) VALUES ('TW', 'Taiwan');
INSERT INTO GEO_PAYS (PAY_CODE, PAY_DESC) VALUES ('UA', 'Ukraine (rep. socialiste de)');
INSERT INTO GEO_PAYS (PAY_CODE, PAY_DESC) VALUES ('UY', 'Uruguay');
INSERT INTO GEO_PAYS (PAY_CODE, PAY_DESC) VALUES ('VN', 'Viet Nam');
INSERT INTO GEO_PAYS (PAY_CODE, PAY_DESC) VALUES ('YE', 'Yemen');
INSERT INTO GEO_PAYS (PAY_CODE, PAY_DESC) VALUES ('CL', 'Chili');
INSERT INTO GEO_PAYS (PAY_CODE, PAY_DESC) VALUES ('CG', 'Congo');
INSERT INTO GEO_PAYS (PAY_CODE, PAY_DESC) VALUES ('CE', 'Federation de Russie');
INSERT INTO GEO_PAYS (PAY_CODE, PAY_DESC) VALUES ('MV', 'Maldives  République des');
INSERT INTO GEO_PAYS (PAY_CODE, PAY_DESC) VALUES ('GA', 'Gabon');
INSERT INTO GEO_PAYS (PAY_CODE, PAY_DESC) VALUES ('TN', 'Tunisie');
INSERT INTO GEO_PAYS (PAY_CODE, PAY_DESC) VALUES ('TU', 'Tunisie');
INSERT INTO GEO_PAYS (PAY_CODE, PAY_DESC) VALUES ('SI', 'Slovenie');
INSERT INTO GEO_PAYS (PAY_CODE, PAY_DESC) VALUES ('HU', 'Hongrie');
INSERT INTO GEO_PAYS (PAY_CODE, PAY_DESC) VALUES ('SN', 'Senegal');
INSERT INTO GEO_PAYS (PAY_CODE, PAY_DESC) VALUES ('CN', 'Chine');
INSERT INTO GEO_PAYS (PAY_CODE, PAY_DESC) VALUES ('MU', 'Ile Maurice');
INSERT INTO GEO_PAYS (PAY_CODE, PAY_DESC) VALUES ('LB', 'Liban');
INSERT INTO GEO_PAYS (PAY_CODE, PAY_DESC) VALUES ('GE', 'Georgie');
INSERT INTO GEO_PAYS (PAY_CODE, PAY_DESC) VALUES ('TG', 'Togo');
INSERT INTO GEO_PAYS (PAY_CODE, PAY_DESC) VALUES ('YT', 'Mayotte');
INSERT INTO GEO_PAYS (PAY_CODE, PAY_DESC) VALUES ('IQ', 'Irak');
INSERT INTO GEO_PAYS (PAY_CODE, PAY_DESC) VALUES ('CF', 'CENTRAFICAINE Republique');
INSERT INTO GEO_PAYS (PAY_CODE, PAY_DESC) VALUES ('GT', 'Guatemala');
INSERT INTO GEO_PAYS (PAY_CODE, PAY_DESC) VALUES ('GQ', 'Guinée Equatoriale');
INSERT INTO GEO_PAYS (PAY_CODE, PAY_DESC) VALUES ('MM', 'MYANMAR (Birmanie)');
INSERT INTO GEO_PAYS (PAY_CODE, PAY_DESC) VALUES ('SD', 'Soudan');
INSERT INTO GEO_PAYS (PAY_CODE, PAY_DESC) VALUES ('TM', 'Turkmenistan');
INSERT INTO GEO_PAYS (PAY_CODE, PAY_DESC) VALUES ('LV', 'Lettonie');
INSERT INTO GEO_PAYS (PAY_CODE, PAY_DESC) VALUES ('AM', 'ARMENIE');
INSERT INTO GEO_PAYS (PAY_CODE, PAY_DESC) VALUES ('LR', 'LIBERIA');
INSERT INTO GEO_PAYS (PAY_CODE, PAY_DESC) VALUES ('CM', 'Cameroun');
INSERT INTO GEO_PAYS (PAY_CODE, PAY_DESC) VALUES ('TR', 'Turquie');
INSERT INTO GEO_PAYS (PAY_CODE, PAY_DESC) VALUES ('CZ', 'Republique Tcheque');
INSERT INTO GEO_PAYS (PAY_CODE, PAY_DESC) VALUES ('AU', 'AUSTRALIA');
INSERT INTO GEO_PAYS (PAY_CODE, PAY_DESC) VALUES ('NG', 'NIGERIA');
INSERT INTO GEO_PAYS (PAY_CODE, PAY_DESC) VALUES ('GM', 'Gambie');
INSERT INTO GEO_PAYS (PAY_CODE, PAY_DESC) VALUES ('EE', 'Estonie');
INSERT INTO GEO_PAYS (PAY_CODE, PAY_DESC) VALUES ('NE', 'Niger');
INSERT INTO GEO_PAYS (PAY_CODE, PAY_DESC) VALUES ('SL', 'Sierra Leone');
INSERT INTO GEO_PAYS (PAY_CODE, PAY_DESC) VALUES ('HN', 'Honduras');
INSERT INTO GEO_PAYS (PAY_CODE, PAY_DESC) VALUES ('ML', 'Mali');
INSERT INTO GEO_PAYS (PAY_CODE, PAY_DESC) VALUES ('IR', 'Iran');
INSERT INTO GEO_PAYS (PAY_CODE, PAY_DESC) VALUES ('NZ', 'Nouvelle Zélande');
INSERT INTO GEO_PAYS (PAY_CODE, PAY_DESC) VALUES ('NC', 'Nouvelle Calédonie');
INSERT INTO GEO_PAYS (PAY_CODE, PAY_DESC) VALUES ('SC', 'Seychelles');
INSERT INTO GEO_PAYS (PAY_CODE, PAY_DESC) VALUES ('JO', 'Jordanie');
INSERT INTO GEO_PAYS (PAY_CODE, PAY_DESC) VALUES ('PK', 'PAKISTAN');
INSERT INTO GEO_PAYS (PAY_CODE, PAY_DESC) VALUES ('RO', 'ROMANIA');
INSERT INTO GEO_PAYS (PAY_CODE, PAY_DESC) VALUES ('UZ', 'OUZBEKISTAN');
INSERT INTO GEO_PAYS (PAY_CODE, PAY_DESC) VALUES ('TA', 'TANZANIE');
INSERT INTO GEO_PAYS (PAY_CODE, PAY_DESC) VALUES ('RS', 'SERBIE');
INSERT INTO GEO_PAYS (PAY_CODE, PAY_DESC) VALUES ('ET', 'Ethiopie');
INSERT INTO GEO_PAYS (PAY_CODE, PAY_DESC) VALUES ('DJ', 'DJIBOUTI (Republique de Djibouti)');
INSERT INTO GEO_PAYS (PAY_CODE, PAY_DESC) VALUES ('NI', 'NICARAGUA');
INSERT INTO GEO_PAYS (PAY_CODE, PAY_DESC) VALUES ('PF', 'POLYNESIE FRANCAISE');
INSERT INTO GEO_PAYS (PAY_CODE, PAY_DESC) VALUES ('GH', 'Ghana');
INSERT INTO GEO_PAYS (PAY_CODE, PAY_DESC) VALUES ('IN', 'Inde');
INSERT INTO GEO_PAYS (PAY_CODE, PAY_DESC) VALUES ('UG', 'Uganda');
INSERT INTO GEO_PAYS (PAY_CODE, PAY_DESC) VALUES ('MT', 'Malte');
INSERT INTO GEO_PAYS (PAY_CODE, PAY_DESC) VALUES ('PT', 'Portugal');
INSERT INTO GEO_PAYS (PAY_CODE, PAY_DESC) VALUES ('SK', 'Slovaquie');
INSERT INTO GEO_PAYS (PAY_CODE, PAY_DESC) VALUES ('US', 'Etats Unis');
INSERT INTO GEO_PAYS (PAY_CODE, PAY_DESC) VALUES ('AZ', 'Azerbaidjan');
INSERT INTO GEO_PAYS (PAY_CODE, PAY_DESC) VALUES ('ZA', 'Afrique du Sud');
INSERT INTO GEO_PAYS (PAY_CODE, PAY_DESC) VALUES ('AO', 'Angola');
INSERT INTO GEO_PAYS (PAY_CODE, PAY_DESC) VALUES ('PH', 'Philippines');
INSERT INTO GEO_PAYS (PAY_CODE, PAY_DESC) VALUES ('KZ', 'La Républiqe du Kazakhstan');
INSERT INTO GEO_PAYS (PAY_CODE, PAY_DESC) VALUES ('BG', 'Bulgarie');
INSERT INTO GEO_PAYS (PAY_CODE, PAY_DESC) VALUES ('KR', 'Corée du Sud');
INSERT INTO GEO_PAYS (PAY_CODE, PAY_DESC) VALUES ('PE', 'PEROU');

INSERT INTO GEO_SOCIETE (SOC_CODE, PAY_CODE) VALUES ('SA', 'FR');
INSERT INTO GEO_SOCIETE (SOC_CODE, PAY_CODE) VALUES ('BWS', 'FR');
INSERT INTO GEO_SOCIETE (SOC_CODE, PAY_CODE) VALUES ('QP', 'FR');

INSERT INTO GEO_CLIENT (CLI_REF, ADS1, ADS2, SOC_CODE, ECHNBJ, CLI_CODE, ZIP, COMPTE_COMPTA, RAISOC, SOUMIS_CTIFL, TYT_CODE, VILLE, BPM_CODE, COV_CODE, DEV_CODE, INC_CODE, LAN_CODE, MPM_CODE, PAY_CODE, TVR_CODE, SCO_CODE, DATE_DEBUT_IFCO, MOD_DATE, NAVOIR_EDI, NBJ_LITIGE_LIM) VALUES ('000040', 'REBSTRASSE 11,', null, 'SA', '30', 'AGROKE', 'CH-8703', 'AGROKELD', 'AGROKEL', 'N', 'C', 'ERLENBACH', 'D', 'COFREU', 'EUR', 'CPT', 'FR', 'VIR', 'CH', 'C', 'EUR', null, TO_DATE('2021-01-29 19:25:33', 'YYYY-MM-DD HH24:MI:SS'), 0, 45);
INSERT INTO GEO_CLIENT (CLI_REF, ADS1, ADS2, SOC_CODE, ECHNBJ, CLI_CODE, ZIP, COMPTE_COMPTA, RAISOC, SOUMIS_CTIFL, TYT_CODE, VILLE, BPM_CODE, COV_CODE, DEV_CODE, INC_CODE, LAN_CODE, MPM_CODE, PAY_CODE, TVR_CODE, SCO_CODE, DATE_DEBUT_IFCO, MOD_DATE, NAVOIR_EDI, NBJ_LITIGE_LIM) VALUES ('000041', '17 STYLIANOU LENA KAIMAKLI', 'PO BOX 29088', 'SA', '45 ', 'AGROMA', '1621', 'AGROMARKETS', 'AGROMARKETS LTD', 'N', 'C', 'NICOSIE', 'F', 'COFREU', 'EUR', 'EXW', 'GB', 'SWI', 'CY', 'C', 'AFA', null, TO_DATE('2021-01-29 19:25:33', 'YYYY-MM-DD HH24:MI:SS'), 0, 45);
INSERT INTO GEO_CLIENT (CLI_REF, ADS1, ADS2, SOC_CODE, ECHNBJ, CLI_CODE, ZIP, COMPTE_COMPTA, RAISOC, SOUMIS_CTIFL, TYT_CODE, VILLE, BPM_CODE, COV_CODE, DEV_CODE, INC_CODE, LAN_CODE, MPM_CODE, PAY_CODE, TVR_CODE, SCO_CODE, DATE_DEBUT_IFCO, MOD_DATE, NAVOIR_EDI, NBJ_LITIGE_LIM) VALUES ('000044', '80 RUE DE MONTPELLIER', 'BAT C2 FRUILEG 551', 'SA', '30', 'AGRUPR', '94581', 'AGRUPRIM', 'AGRUPRIM (STE)', 'N', 'C', 'RUNGIS CEDEX', 'DD', 'COFREU', 'EUR', 'CPT', 'FR', 'CHQ', 'FR', 'N', 'F', null, TO_DATE('2021-01-29 19:25:33', 'YYYY-MM-DD HH24:MI:SS'), 0, 45);
INSERT INTO GEO_CLIENT (CLI_REF, ADS1, ADS2, SOC_CODE, ECHNBJ, CLI_CODE, ZIP, COMPTE_COMPTA, RAISOC, SOUMIS_CTIFL, TYT_CODE, VILLE, BPM_CODE, COV_CODE, DEV_CODE, INC_CODE, LAN_CODE, MPM_CODE, PAY_CODE, TVR_CODE, SCO_CODE, DATE_DEBUT_IFCO, MOD_DATE, NAVOIR_EDI, NBJ_LITIGE_LIM) VALUES ('000045', 'P°JOHN LENNON N°1 - A', null, 'SA', '30', 'AHOLSU', '28906', 'AHOLDC', 'DINOSOL SUPERMERCADOS SL', 'N', 'C', 'GETAFE (MADRID)', 'F', 'COFREU', 'EUR', 'CPT', 'ES', 'VIR', 'ES', 'C', 'ESP', null, TO_DATE('2021-01-29 19:25:33', 'YYYY-MM-DD HH24:MI:SS'), 0, 45);
INSERT INTO GEO_CLIENT (CLI_REF, ADS1, ADS2, SOC_CODE, ECHNBJ, CLI_CODE, ZIP, COMPTE_COMPTA, RAISOC, SOUMIS_CTIFL, TYT_CODE, VILLE, BPM_CODE, COV_CODE, DEV_CODE, INC_CODE, LAN_CODE, MPM_CODE, PAY_CODE, TVR_CODE, SCO_CODE, DATE_DEBUT_IFCO, MOD_DATE, NAVOIR_EDI, NBJ_LITIGE_LIM) VALUES ('000046', 'MERCAMADRID NAVE D', 'PTOS 23,25 CRTA', 'SA', '30', 'ALBA', '28053', 'ALBA', 'FRUTAS ALBA SA', 'N', 'C', ' MADRID', 'D', 'COFREU', 'EUR', 'EXW', 'ES', 'VIR', 'ES', 'C', 'ESP', null, TO_DATE('2021-01-29 19:25:33', 'YYYY-MM-DD HH24:MI:SS'), 0, 45);
INSERT INTO GEO_CLIENT (CLI_REF, ADS1, ADS2, SOC_CODE, ECHNBJ, CLI_CODE, ZIP, COMPTE_COMPTA, RAISOC, SOUMIS_CTIFL, TYT_CODE, VILLE, BPM_CODE, COV_CODE, DEV_CODE, INC_CODE, LAN_CODE, MPM_CODE, PAY_CODE, TVR_CODE, SCO_CODE, DATE_DEBUT_IFCO, MOD_DATE, NAVOIR_EDI, NBJ_LITIGE_LIM) VALUES ('000047', '665 route de la Mégère', null, 'SA', '30', 'ALBAFQ', '82200', 'ALBAFRUITQ', 'ALBAFRUIT SARL', 'N', 'C', 'MOISSAC', 'DD', 'COFREU', 'EUR', 'EXW', 'FR', 'CHQ', 'FR', 'N', 'F', null, TO_DATE('2021-05-10 14:34:39', 'YYYY-MM-DD HH24:MI:SS'), 0, 45);
INSERT INTO GEO_CLIENT (CLI_REF, ADS1, ADS2, SOC_CODE, ECHNBJ, CLI_CODE, ZIP, COMPTE_COMPTA, RAISOC, SOUMIS_CTIFL, TYT_CODE, VILLE, BPM_CODE, COV_CODE, DEV_CODE, INC_CODE, LAN_CODE, MPM_CODE, PAY_CODE, TVR_CODE, SCO_CODE, DATE_DEBUT_IFCO, MOD_DATE, NAVOIR_EDI, NBJ_LITIGE_LIM) VALUES ('000049', 'C/M TERESA FERRER S/N', null, 'SA', '60', 'ALFOSE', '03350', 'ALFOSEA', 'ALFOSEA HERMANOS SL', 'N', 'C', 'COX - ALICANTE', 'F', 'COFREU', 'EUR', 'EXW', 'ES', 'CHQ', 'ES', 'C', 'ESP', null, TO_DATE('2021-01-29 19:25:33', 'YYYY-MM-DD HH24:MI:SS'), 0, 45);
INSERT INTO GEO_CLIENT (CLI_REF, ADS1, ADS2, SOC_CODE, ECHNBJ, CLI_CODE, ZIP, COMPTE_COMPTA, RAISOC, SOUMIS_CTIFL, TYT_CODE, VILLE, BPM_CODE, COV_CODE, DEV_CODE, INC_CODE, LAN_CODE, MPM_CODE, PAY_CODE, TVR_CODE, SCO_CODE, DATE_DEBUT_IFCO, MOD_DATE, NAVOIR_EDI, NBJ_LITIGE_LIM) VALUES ('000000', 'adresse1', 'adresse2', 'BWS', '030', 'BWSTOCK', '82000', 'BWSTOCK', 'BLUE-WHALE SAS ', 'N', 'C', 'A USAGE INTERNE', 'DD', 'COFREU', 'EUR', 'CPT', 'FR', 'CHQ', 'FR', 'N', 'F', '2021-09-30', TO_DATE('2021-02-01 16:27:37', 'YYYY-MM-DD HH24:MI:SS'), 1, 45);
INSERT INTO GEO_CLIENT (CLI_REF, ADS1, ADS2, SOC_CODE, ECHNBJ, CLI_CODE, ZIP, COMPTE_COMPTA, RAISOC, SOUMIS_CTIFL, TYT_CODE, VILLE, BPM_CODE, COV_CODE, DEV_CODE, INC_CODE, LAN_CODE, MPM_CODE, PAY_CODE, TVR_CODE, SCO_CODE, DATE_DEBUT_IFCO, MOD_DATE, NAVOIR_EDI, NBJ_LITIGE_LIM) VALUES ('000001', 'LES HERBONNES', null, 'QP', '030', 'AIRBON', '82290', 'AIRBONN', 'SICA CIVILE AIRBONN FRUITS', 'N', 'C', 'MEAUZAC', 'DD', 'COFREU', 'EUR', 'EXW', 'FR', 'CHQ', 'FR', 'N', 'F', null, TO_DATE('2021-01-29 19:25:33', 'YYYY-MM-DD HH24:MI:SS'), 0, 45);
